Time,Puffer,Boiler Outler,Boiler inlet,T ambiente
1,"54,56","21,06","22,06","28,5"
2,"54,56",21,"22,06","28,5"
3,"54,56",21,"22,13","28,5"
4,"54,5","20,88","22,06","28,56"
5,"54,44","20,88",22,"28,63"
6,"54,44","20,88","21,94","28,63"
7,"54,44","20,81",22,"28,69"
8,"54,44","20,81",22,"28,69"
9,"54,38","20,81",22,"28,69"
10,"54,44","20,75",22,"28,69"
11,"54,56","20,75","21,94","28,81"
12,"54,69","20,69","21,94","28,81"
13,"54,88","20,63","21,88","28,81"
14,"55,19","20,69","21,88","28,81"
15,"55,38","20,69","21,94","28,81"
16,"55,69","20,75","21,88","28,81"
17,"55,94","20,75","21,94","28,88"
18,"56,25","20,75","21,94","28,94"
19,"56,44","20,75","21,94","28,94"
20,"56,75","20,81",22,"28,94"
21,"57,06","20,88",22,29
22,"57,38","20,94",22,29
23,"57,63",21,"22,13","29,06"
24,"57,94","21,06","22,13","29,13"
25,"58,19","21,06","22,19","29,13"
26,"58,38","21,19","22,19","29,13"
27,"58,56","21,19","22,25","29,19"
28,"58,63","21,31","22,25","29,19"
29,"58,69","21,38","22,25","29,19"
30,"58,75","21,38","22,31","29,19"
31,"58,81","21,5","22,38","29,25"
32,"58,81","21,63","22,44","29,25"
33,"58,81","21,69","22,44","29,25"
34,"58,88","21,75","22,5","29,25"
35,"58,81","21,88","22,56","29,25"
36,"58,88","21,94","22,63","29,25"
37,"58,88",22,"22,63","29,19"
38,"58,88","22,13","22,63","29,25"
39,"58,88","22,19","22,75","29,31"
40,"58,88","22,25","22,81","29,25"
41,"58,81","22,31","22,81","29,31"
42,"58,88","22,44","22,81","29,31"
43,"58,81","22,5","22,88","29,31"
44,"58,81","22,56","22,94","29,38"
45,"58,81","22,69",23,"29,38"
46,"58,81","22,75",23,"29,31"
47,"58,75","22,81","23,06","29,31"
48,"58,81","22,88","23,13","29,31"
49,"58,81","22,94","23,19","29,38"
50,"58,75",23,"23,19","29,38"
51,"58,75","23,06","23,19","29,38"
52,"58,75","23,13","23,25","29,38"
53,"58,69","23,19","23,25","29,38"
54,"58,69","23,25","23,38","29,38"
55,"58,69","23,19","23,38","29,38"
56,"58,69","23,31","23,44","29,38"
57,"58,69","23,38","23,44","29,38"
58,"58,63","23,44","23,44","29,44"
59,"58,63","23,5","23,5","29,38"
60,"58,69","23,56","23,5","29,5"
61,"58,69","23,56","23,56","29,63"
62,"58,63","23,63","23,63","29,81"
63,"58,63","23,69","23,69","29,88"
64,"58,63","23,81","23,69","29,94"
65,"58,63","23,81","23,69","29,94"
66,"58,63","23,81","23,81","29,94"
67,"58,56","23,94","23,81","29,81"
68,"58,63","23,94","23,81","29,88"
69,"58,56",24,"23,94","29,81"
70,"58,56","24,13","23,94","29,81"
71,"58,56","24,13",24,"29,81"
72,"58,56","24,19",24,"29,88"
73,"58,56","24,19","24,06","29,81"
74,"58,56","24,25","24,06","29,81"
75,"58,56","24,25","24,19","29,81"
76,"58,5","24,38","24,13","29,81"
77,"58,5","24,38","24,19","29,75"
78,"58,44","24,44","24,25","29,81"
79,"58,44","24,44","24,25","29,81"
80,"58,38","24,5","24,25","29,81"
81,"58,44","24,56","24,31","29,81"
82,"58,38","24,63","24,31","29,81"
83,"58,38","24,75","24,38","29,75"
84,"58,38","24,75","24,44","29,75"
85,"58,38","24,81","24,5","29,75"
86,"58,31","24,88","24,5","29,75"
87,"58,38","24,94","24,56","29,75"
88,"58,31",25,"24,63","29,75"
89,"58,31",25,"24,63","29,75"
90,"58,31","25,13","24,63","29,75"
91,"58,25","25,19","24,69","29,75"
92,"58,25","25,19","24,69","29,75"
93,"58,31","25,19","24,75","29,75"
94,"58,25","25,31","24,75","29,75"
95,"58,25","25,31","24,88","29,75"
96,"58,19","25,38","24,88","29,69"
97,"58,19","25,38","24,94","29,75"
98,"58,19","25,44",25,"29,75"
99,"58,13","25,5","25,06","29,75"
100,"58,19","25,44","25,06","29,75"
101,"58,13","25,56","25,13","29,81"
102,"58,13","25,56","25,13","29,81"
103,"58,13","25,56","25,13","29,75"
104,"58,06","25,5","25,19","29,81"
105,"58,06","25,56","25,25","29,81"
106,"58,06","25,56","25,25","29,81"
107,"58,06","25,56","25,25","29,81"
108,58,"25,63","25,31","29,81"
109,"57,94","25,63","25,25","29,81"
110,"57,88","25,69","25,38","29,75"
111,"57,81","25,63","25,38","29,69"
112,"57,81","25,69","25,38","29,75"
113,"57,81","25,75","25,38","29,75"
114,"57,75","25,75","25,5","29,69"
115,"57,75","25,75","25,44","29,69"
116,"57,75","25,69","25,5","29,63"
117,"57,69","25,81","25,5","29,63"
118,"57,69","25,81","25,56","29,56"
119,"57,69","25,81","25,63","29,5"
120,"57,69","25,81","25,36","29,5"
121,"57,63","25,88","25,56","29,44"
122,"57,63","25,88","25,56","29,44"
123,"57,63","25,88","25,63","29,38"
124,"57,56","25,88","25,63","29,38"
125,"57,56","25,88","25,69","29,31"
126,"57,56","25,88","25,69","29,38"
127,"57,5","25,94","25,69","29,31"
128,"57,56","25,94","25,69","29,25"
129,"57,5","25,94","25,69","29,25"
130,"57,5",26,"25,69","29,25"
131,"57,44","25,94","25,75","29,19"
132,"57,44","25,94","25,75","29,19"
133,"57,44","25,94","25,75","29,13"
134,"57,44",26,"25,69","29,13"
135,"57,44",26,"25,75","29,13"
136,"57,38",26,"25,75","29,13"
137,"57,31",26,"25,75","29,13"
138,"57,31",26,"25,81","29,13"
139,"57,31","26,06","25,81","29,06"
140,"57,31","26,06","25,81","29,06"
141,"57,31","26,06","25,88","29,06"
142,"57,25","26,13","25,88",29
143,"57,25","26,13","25,94","29,06"
144,"57,25","26,13",26,29
145,"57,25","26,19","26,06","29,06"
146,"57,13","26,13","26,06",29
147,"57,19","26,13","26,06",29
148,"57,19","26,25","26,06",29
149,"57,13","26,25","26,13","28,94"
150,"57,13","26,25","26,06",29
151,"57,13","26,31","26,06",29
152,"57,06","26,25","26,06","28,94"
153,"57,06","26,31","26,19","28,94"
154,57,"26,31","26,06","28,94"
155,57,"26,31","26,13","28,94"
156,57,"26,38","26,13","28,94"
157,57,"26,38","26,13","28,94"
158,57,"26,38","26,19","28,94"
159,"56,94","26,38","26,19","28,94"
160,"56,94","26,38","26,19","28,94"
161,"56,88","26,44","26,19","28,94"
162,"56,94","26,5","26,25","28,94"
163,"56,88","26,5","26,25","28,88"
164,"56,88","26,56","26,25","28,88"
165,"56,81","26,56","26,31","28,88"
166,"56,81","26,63","26,38","28,88"
167,"56,81","26,69","26,38","28,88"
168,"56,75","26,69","26,44","28,88"
169,"56,81","26,75","26,38","28,81"
170,"56,75","26,81","26,44","28,88"
171,"56,75","26,88","26,5","28,88"
172,"56,69","26,94","26,5","28,88"
173,"56,69","27,13","26,56","28,88"
174,"56,69","27,19","26,69","28,75"
175,"56,69","27,31","26,81","28,81"
176,"56,63","27,38","26,81","28,75"
177,"56,56","27,5","26,88","28,81"
178,"56,56","27,5",27,"28,75"
179,"56,56","27,63","27,19","28,81"
180,"56,56","27,63","27,31","28,81"
181,"56,56","27,56","27,19","28,81"
182,"56,5","27,5","27,19","28,75"
183,"56,56","27,38","27,13","28,75"
184,"56,5","27,19",27,"28,75"
185,"56,5","27,06","26,94","28,75"
186,"56,44","26,94","26,88","28,75"
187,"56,44","26,75","26,75","28,75"
188,"56,44","26,75","26,69","28,75"
189,"56,38","26,5","26,63","28,75"
190,"56,31","26,44","26,5","28,75"
191,"56,38","26,31","26,44","28,69"
192,"56,31","26,25","26,31","28,69"
193,"56,31","26,13","26,31","28,63"
194,"56,31",26,"26,25","28,63"
195,"56,25",26,"26,25","28,69"
196,"56,25","25,88","26,06","28,63"
197,"56,25","25,75","26,06","28,63"
198,"56,25","25,63","25,94","28,63"
199,"56,19","25,56","25,81","28,56"
200,"56,19","25,44","25,75","28,56"
201,"56,13","25,44","25,75","28,56"
202,"56,13","25,44","25,69","28,5"
203,"56,13","25,25","25,69","28,5"
204,"56,13","25,19","25,56","28,5"
205,"56,13","25,19","25,56","28,5"
206,"56,06","25,06","25,5","28,5"
207,"56,06",25,"25,5","28,5"
208,56,"24,88","25,38","28,5"
209,56,"24,88","25,31","28,44"
210,56,"24,88","25,31","28,44"
211,"55,94","24,81","25,25","28,44"
212,"55,94","24,75","25,25","28,38"
213,"55,94","24,75","25,19","28,38"
214,"55,88","24,69","25,13","28,31"
215,"55,88","24,63","25,13","28,31"
216,"55,88","24,56","25,06","28,31"
217,"55,88","24,63","25,06","28,31"
218,"55,81","24,56","25,13","28,25"
219,"55,81","24,63","25,06","28,25"
220,"55,75","24,56",25,"28,25"
221,"55,81","24,56",25,"28,25"
222,"55,69","24,5","24,88","28,19"
223,"55,69","24,44",25,"28,13"
224,"55,75","24,5","24,88","28,19"
225,"55,69","24,44","24,5","28,19"
226,"55,69","24,44","24,88","28,13"
227,"55,69","24,38","24,88","28,06"
228,"55,63","24,38","24,88","28,06"
229,"55,63","24,38","24,88","28,06"
230,"55,56","24,38","24,81","28,13"
231,"55,56","24,31","24,81","28,06"
232,"55,5","24,31","24,81","28,06"
233,"55,5","24,25","24,81","28,06"
234,"55,44","24,31","24,75",28
235,"55,5","24,25","24,75","28,13"
236,"55,44","24,25","24,75","28,06"
237,"55,44","24,25","24,69","28,06"
238,"55,44","24,19","24,63","28,06"
239,"55,38","24,13","24,25","28,06"
240,"55,38","24,13","24,69","28,06"
241,"55,38","24,06","24,56","28,06"
242,"55,38","24,06","24,63",28
243,"55,31","24,06","24,63","28,06"
244,"55,31",24,"24,56",28
245,"55,31",24,"24,56",28
246,"55,31","23,94","24,56",28
247,"55,25","23,94","24,5","28,06"
248,"55,13","23,94","24,44","28,13"
249,55,"23,88","24,44","28,19"
250,"54,94","23,88","24,44","28,19"
251,"54,88","23,75","24,38","28,25"
252,"54,88","23,81","24,44","28,19"
253,"54,81","23,75","24,38","28,25"
254,"54,75","23,75","24,38","28,19"
255,"54,75","23,69","24,31","28,25"
256,"54,75","23,69","24,31","28,25"
257,"54,69","23,63","24,25","28,25"
258,"54,69","23,63","24,31","28,19"
259,"54,69","23,56","24,25","28,25"
260,"54,69","23,44","24,19","28,25"
261,"54,63","23,44","24,13","28,25"
262,"54,63","23,38","24,13","28,25"
263,"54,63","23,31","24,13","28,25"
264,"54,56","23,31","24,06","28,25"
265,"54,56","23,25","24,06","28,31"
266,"54,5","23,25","24,06","28,31"
267,"54,56","23,19","24,06","28,31"
268,"54,5","23,19",24,"28,31"
269,"54,5","23,13","23,94","28,38"
270,"54,44","23,06","23,88","28,38"
271,"54,44","23,06","23,88","28,38"
272,"54,44",23,"23,81","28,38"
273,"54,44",23,"23,81","28,38"
274,"54,44",23,"23,75","28,31"
275,"54,44",23,"23,81","28,44"
276,"54,38","22,88","23,69","28,44"
277,"54,44","22,88","23,69","28,38"
278,"54,38","22,81","23,69","28,38"
279,"54,38","22,81","23,63","28,44"
280,"54,31","22,75","23,63","28,44"
281,"54,25","22,69","23,63","28,44"
282,"54,38","22,63","23,56","28,44"
283,"54,31","22,63","23,56","28,44"
284,"54,25","22,63","23,5","28,44"
285,"54,25","22,63","23,44","28,5"
286,"54,25","22,56","23,44","28,5"
287,"54,25","22,5","23,38","28,5"
288,"54,25","22,5","23,38","28,5"
289,"54,19","22,44","23,31","28,56"
290,"54,19","22,38","23,31","28,56"
291,"54,19","22,38","23,25","28,56"
292,"54,13","22,31","23,31","28,63"
293,"54,19","22,19","23,25","28,63"
294,"54,19","22,25","23,19","28,63"
295,"54,13","22,19","23,19","28,63"
296,"54,31","22,13","23,19","28,63"
297,"54,44","22,19","23,19","28,69"
298,"54,69","22,19","23,13","28,75"
299,"54,94","22,19","23,13","28,75"
300,"55,25","22,19","23,13","28,75"
301,"55,56","22,19","23,19","28,81"
302,"55,81","22,19","23,13","28,81"
303,56,"22,19","23,13","28,88"
304,"56,19","22,13","23,13","28,88"
305,"56,25","22,19","23,19","28,94"
306,"56,38","22,19","23,13","28,88"
307,"56,44","22,19","23,13","28,94"
308,"56,5","22,19","23,13",29
309,"56,5","22,25","23,19",29
310,"56,56","22,25","23,19",29
311,"56,56","22,25","23,25",29
312,"56,5","22,31","23,19",29
313,"56,56","22,31","23,19","29,06"
314,"56,56","22,31","23,25",29
315,"56,56","22,31","23,25",29
316,"56,56","22,31","23,25","29,06"
317,"56,56","22,38","23,25","29,06"
318,"56,56","22,44","23,25","29,13"
319,"56,56","22,44","23,19","29,19"
320,"56,56","22,44","23,19","29,13"
321,"56,5","22,44","23,19","29,13"
322,"56,5","22,5","23,25","29,19"
323,"56,5","22,5","23,25","29,19"
324,"56,5","22,5","23,31","29,25"
325,"56,5","22,5","23,31","29,25"
326,"56,5","22,56","23,38","29,31"
327,"56,5","22,63","23,44","29,38"
328,"56,5","22,63","23,44","29,38"
329,"56,44","22,69","23,44","29,38"
330,"56,44","22,69","23,5","29,31"
331,"56,44","22,75","23,56","29,31"
332,"56,44","22,81","23,56","29,38"
333,"56,44","22,81","23,56","29,38"
334,"56,44","22,81","23,56","29,44"
335,"56,38","22,88","23,56","29,44"
336,"56,38","22,88","23,63","29,44"
337,"56,38","22,94","23,63","29,44"
338,"56,31","22,94","23,69","29,44"
339,"56,31",23,"23,69","29,44"
340,"56,38",23,"23,75","29,5"
341,"56,44","23,13","23,69","29,5"
342,"56,44","23,13","23,81","29,56"
343,"56,5","23,13","23,75","29,56"
344,"56,56","23,13","23,81","29,63"
345,"56,69","23,13","23,81","29,63"
346,"56,75","23,19","23,88","29,69"
347,"56,81","23,25","23,88","29,69"
348,57,"23,25","23,94","29,69"
349,"57,06","23,25","23,94","29,75"
350,"57,19","23,31","23,94","29,81"
351,"57,31","23,38",24,"29,75"
352,"57,38","23,44",24,"29,75"
353,"57,5","23,5",24,"29,75"
354,"57,56","23,5","24,06","29,81"
355,"57,69","23,5","24,06","29,81"
356,"57,81","23,56","24,13","29,81"
357,"57,88","23,56","24,06","29,81"
358,58,"23,63","24,13","29,88"
359,58,"23,69","24,13","29,81"
360,"58,06","23,75","24,19","29,88"
361,"58,13","23,75","24,19","29,88"
362,"58,19","23,88","24,25","29,88"
363,"58,19","23,94","24,25","29,88"
364,"58,25","23,94","24,25","29,88"
365,"58,25",24,"24,31","29,88"
366,"58,25",24,"24,31","29,88"
367,"58,25","24,06","24,38","29,88"
368,"58,31","24,06","24,44","29,88"
369,"58,31","24,13","24,44","29,94"
370,"58,31","24,19","24,5","29,94"
371,"58,31","24,25","24,44","29,94"
372,"58,19","24,38","24,56","29,94"
373,"58,31","24,44","24,56","29,94"
374,"58,25","24,38","24,56","29,94"
375,"58,31","24,5","24,63","29,88"
376,"58,25","24,56","24,63","29,88"
377,"58,25","24,63","24,75","29,94"
378,"58,25","24,75","24,81","29,94"
379,"58,19","24,81","24,81","29,94"
380,"58,19","24,81","24,94","29,94"
381,"58,19","24,88","24,88","29,94"
382,"58,19",25,25,"29,94"
383,"58,19","25,06",25,"29,88"
384,"58,19","25,13","25,06","29,88"
385,"58,19","25,19","25,13","29,88"
386,"58,19","25,19","25,13","29,81"
387,"58,13","25,25","25,19","29,88"
388,"58,13","25,31","25,19","29,88"
389,"58,13","25,38","25,25","29,88"
390,"58,06","25,44","25,31","29,88"
391,58,"25,5","25,38","29,88"
392,58,"25,56","25,38","29,94"
393,"57,94","25,56","25,44","29,94"
394,"57,88","25,56","25,44","29,94"
395,"57,94","25,56","25,44","29,94"
396,"57,88","25,63","25,5","29,94"
397,"57,88","25,63","25,5","29,94"
398,"57,88","25,63","25,56","29,94"
399,"57,88","25,69","25,63","29,94"
400,"57,81","25,69","25,63","29,94"
401,"57,81","25,69","25,69","29,88"
402,"57,81","25,75","25,69","29,88"
403,"57,81","25,75","25,69","29,88"
404,"57,81","25,81","25,69","29,81"
405,"57,75","25,81","25,75","29,81"
406,"57,75","25,81","25,75","29,75"
407,"57,75","25,81","25,81","29,81"
408,"57,69","25,88","25,69","29,81"
409,"57,69","25,88","25,81","29,75"
410,"57,63","25,94","25,75","29,69"
411,"57,69","25,94","25,75","29,69"
412,"57,63","25,94","25,75","29,63"
413,"57,63",26,"25,81","29,63"
414,"57,56",26,"25,75","29,63"
415,"57,56",26,"25,75","29,56"
416,"57,56",26,"25,81","29,5"
417,"57,63","26,06","25,88","29,5"
418,"57,56","26,13","25,88","29,5"
419,"57,56","26,13","25,88","29,5"
420,"57,5","26,13","25,88","29,44"
421,"57,5","26,25",26,"29,38"
422,"57,44","26,25",26,"29,38"
423,"57,5","26,25","25,94","29,38"
424,"57,44","26,25",26,"29,38"
425,"57,44","26,25","26,06","29,31"
426,"57,44","26,25",26,"29,31"
427,"57,38","26,31","26,06","29,31"
428,"57,38","26,31","26,06","29,25"
429,"57,38","26,19","26,06","29,25"
430,"57,38","26,25","26,06","29,25"
431,"57,31","26,31","26,13","29,19"
432,"57,31","26,31","26,13","29,19"
433,"57,31","26,31","26,19","29,19"
434,"57,31","26,31","26,19","29,13"
435,"57,25","26,38","26,19","29,13"
436,"57,25","26,38","26,25","29,13"
437,"57,19","26,44","26,25","29,06"
438,"57,19","26,44","26,31","29,13"
439,"57,25","26,5","26,38","29,13"
440,"57,19","26,56","26,38","29,06"
441,"57,19","26,56","26,38","29,06"
442,"57,13","26,56","26,38","29,06"
443,"57,13","26,56","26,38","29,06"
444,"57,13","26,63","26,44",29
445,"57,06","26,56","26,38",29
446,"57,06","26,56","26,44",29
447,"57,06","26,63","26,5","28,94"
448,"57,06","26,63","26,5","28,94"
449,57,"26,63","26,5","28,94"
450,57,"26,69","26,56","28,94"
451,57,"26,69","26,44","28,88"
452,"56,94","26,69","26,56","28,81"
453,"56,94","26,69","26,56","28,88"
454,"56,94","26,81","26,69","28,81"
455,"56,88","26,81","26,69","28,88"
456,"56,88","26,88","26,75","28,81"
457,"56,81","26,94","26,69","28,81"
458,"56,81","27,06","26,81","28,75"
459,"56,81","27,19","26,94","28,75"
460,"56,81","27,31","27,19","28,75"
461,"56,75","27,44","27,19","28,75"
462,"56,75","27,56","27,19","28,75"
463,"56,75","27,69","27,25","28,69"
464,"56,69","27,75","27,25","28,69"
465,"56,69","27,81","27,31","28,69"
466,"56,63","27,69","27,31","28,69"
467,"56,69","27,75","27,31","28,63"
468,"56,56","27,63","27,25","28,69"
469,"56,56","27,5","27,25","28,56"
470,"56,56","27,38","27,06","28,56"
471,"56,5","27,19","27,06","28,56"
472,"56,5","27,19",27,"28,5"
473,"56,5",27,"26,88","28,44"
474,"56,5","26,94","26,88","28,5"
475,"56,5","26,81","26,75","28,5"
476,"56,44","26,63","26,69","28,44"
477,"56,44","26,5","26,63","28,44"
478,"56,44","26,38","26,56","28,38"
479,"56,38","26,31","26,44","28,38"
480,"56,38","26,19","26,38","28,44"
481,"56,31","26,06","26,25","28,44"
482,"56,31",26,"26,31","28,38"
483,"56,31","25,88","26,19","28,38"
484,"56,31","25,75","26,13","28,38"
485,"56,25","25,69",26,"28,44"
486,"56,25","25,69","26,06","28,38"
487,"56,19","25,5","25,88","28,44"
488,"56,19","25,38","25,81","28,38"
489,"56,13","25,25","25,75","28,38"
490,"56,19","25,25","25,63","28,31"
491,"56,13","25,19","25,63","28,31"
492,"56,13","25,06","25,63","28,25"
493,"56,13",25,"25,44","28,31"
494,"56,06",25,"25,44","28,25"
495,"56,06","24,94","25,38","28,25"
496,"56,06","24,81","25,31","28,25"
497,"56,06","24,75","25,25","28,19"
498,56,"24,69","24,75","28,13"
499,56,"24,63","25,25","28,19"
500,56,"24,56","25,13","28,13"
501,"55,94","24,56","25,06","28,13"
502,"55,88","24,44","25,06","28,06"
503,"55,88","24,38",25,"28,06"
504,"55,88","24,31","24,94",28
505,"55,88","24,31","24,94",28
506,"55,88","24,25","24,81","28,06"
507,"55,88","24,13","24,81",28
508,"55,81","24,06","24,81","27,94"
509,"55,81","24,13","24,81","27,94"
510,"55,75",24,"24,69",28
511,"55,75","23,94","24,56","27,81"
512,"55,75","23,94","24,63","27,94"
513,"55,69","23,88","24,56","27,88"
514,"55,69","23,75","24,5","27,94"
515,"55,69","23,75","24,44","27,88"
516,"55,69","23,69","24,31","27,81"
517,"55,63","23,69","24,44","27,81"
518,"55,63","23,63","24,38","27,88"
519,"55,56","23,56","24,25","27,88"
520,"55,5","23,5","24,19","27,88"
521,"55,5","23,44","24,19","27,88"
522,"55,44","23,44","23,69","27,88"
523,"55,44","23,94","24,19","27,94"
524,"55,38","23,38","24,19","27,88"
525,"55,31","23,88","24,06","27,94"
526,"55,38","23,31","24,06","27,94"
527,"55,38","23,25","24,06","27,94"
528,"55,31","23,19",24,"27,94"
529,"55,31","23,19",24,"27,94"
530,"55,25","23,13","23,94","27,94"
531,"55,25","23,06","23,88","28,06"
532,"55,25","23,06","23,88","28,06"
533,"55,19","22,94","23,81","28,06"
534,"55,19",23,"23,75","28,13"
535,"55,19","22,94","23,75","28,06"
536,"55,19","22,81","23,63","28,13"
537,"55,13","22,81","23,63","28,13"
538,55,"22,81","23,56","28,13"
539,55,"22,81","23,63","28,25"
540,"54,94","22,69","23,63","28,31"
541,"54,88","22,75","23,56","28,38"
542,"54,88","22,69","23,63","28,38"
543,"54,88","22,69","23,5","28,38"
544,"54,81","22,69","23,5","28,44"
545,"54,81","22,75","23,5","28,44"
546,"54,81","22,75","23,56","28,5"
547,"54,81","22,88","23,38","28,5"
548,"54,81","22,94","23,44","28,56"
549,"54,75",23,"23,44","28,56"
550,"54,69","23,13","23,5","28,63"
551,"54,69","23,25","23,63","28,63"
552,"54,75","23,25","23,63","28,63"
553,"54,69","23,44","23,75","28,63"
554,"54,69","23,38","23,75","28,69"
555,"54,69","23,5","23,75","28,69"
556,"54,69","23,56","23,81","28,69"
557,"54,63","23,63","23,88","28,69"
558,"54,63","23,69","23,94","28,75"
559,"54,63","23,81","23,94","28,75"
560,"54,63","23,88",24,"28,75"
561,"54,63","23,88","24,06","28,75"
562,"54,63","23,94","24,13","28,75"
563,"54,56","24,06","24,19","28,81"
564,"54,56","24,06","24,25","28,81"
565,"54,56","24,13","24,25","28,81"
566,"54,56","24,13","24,25","28,88"
567,"54,56","24,25","24,31","28,88"
568,"54,5","24,25","24,38","28,94"
569,"54,5","24,31","24,38","28,94"
570,"54,44","24,38","24,44","28,94"
571,"54,44","24,44","24,5","28,94"
572,"54,44","24,5","24,56",29
573,"54,44","24,56","24,56",29
574,"54,44","24,56","24,56","29,06"
575,"54,44","24,63","24,63","29,06"
576,"54,44","24,75","24,69","29,13"
577,"54,44","24,75","24,75","29,13"
578,"54,38","24,81","24,75","29,13"
579,"54,44","24,88","24,69","29,13"
580,"54,56","24,94","24,81","29,19"
581,"54,81","25,06","24,88","29,19"
582,"55,06","25,13","24,81","29,19"
583,"55,25","25,13","24,88","29,25"
584,"55,5","25,13","24,94","29,31"
585,"55,81","25,25","24,94","29,31"
586,"56,13","25,25",25,"29,38"
587,"56,44","25,31","25,06","29,38"
588,"56,75","25,38","25,13","29,44"
589,"57,06","25,44","25,13","29,44"
590,"57,38","25,56","25,25","29,5"
591,"57,69","25,5","25,19","29,5"
592,"57,94","25,63","25,25","29,5"
593,"58,13","25,69","25,38","29,63"
594,"58,25","25,75","25,38","29,63"
595,"58,38","25,81","25,38","29,69"
596,"58,44","25,88","25,38","29,69"
597,"58,5","25,88","25,44","29,75"
598,"58,56","25,94","25,56","29,75"
599,"58,56","26,06","25,56","29,81"
600,"58,56","26,06","25,63","29,88"
601,"58,63","26,13","25,69","29,88"
602,"58,63","26,13","25,75","29,94"
603,"58,63","26,25","25,81","29,81"
604,"58,63","26,25","25,88","29,88"
605,"58,63","26,31","25,94","29,88"
606,"58,56","26,38",26,"29,88"
607,"58,56","26,44",26,"29,94"
608,"58,63","26,44",26,"29,94"
609,"58,63","26,56","26,06","29,94"
610,"58,63","26,56","26,13",30
611,"58,56","26,63","26,19","30,06"
612,"58,56","26,63","26,25","30,06"
613,"58,56","26,75","26,31","30,06"
614,"58,56","26,75","26,31","30,06"
615,"58,56","26,81","26,38",30
616,"58,5","26,81","26,38","30,06"
617,"58,5","26,88","26,38","30,06"
618,"58,5","26,94","26,5","30,13"
619,"58,5",27,"26,56","30,06"
620,"58,5",27,"26,63","30,06"
621,"58,44","27,06","26,63","30,06"
622,"58,5","27,13","26,69","30,06"
623,"58,5","27,13","26,75","30,06"
624,"58,5","27,13","26,69","30,13"
625,"58,5","27,19","26,75","30,13"
626,"58,5","27,25","26,88","30,19"
627,"58,5","27,25","26,88","30,13"
628,"58,44","27,31","26,88","30,25"
629,"58,44","27,31","26,94","30,19"
630,"58,5","27,38","26,94","30,19"
631,"58,56","27,38",27,"30,25"
632,"58,63","27,5",27,"30,31"
633,"58,63","27,5","27,06","30,31"
634,"58,69","27,5","27,06","30,31"
635,"58,81","27,56",27,"30,38"
636,"58,94","27,56","27,06","30,31"
637,"58,94","27,63","27,06","30,38"
638,59,"27,63","27,06","30,38"
639,59,"27,69","27,06","30,38"
640,"59,06","27,75","27,06","30,44"
641,"59,06","27,69","27,06","30,38"
642,"59,13","27,69","27,06","30,44"
643,"59,13","27,81","27,19","30,38"
644,"59,13","27,69","27,19","30,38"
645,"59,13","27,88","27,25","30,44"
646,"59,06","27,81","27,25","30,38"
647,"59,13","27,88","27,31","30,38"
648,"59,13","27,88","27,38","30,44"
649,"59,13","27,94","27,38","30,44"
650,"59,13",28,"27,44","30,5"
651,"59,06","28,06","27,5","30,44"
652,"59,06",28,"27,5","30,5"
653,"59,06","28,06","27,56","30,5"
654,"59,06","28,06","27,56","30,5"
655,"59,06","28,13","27,63","30,5"
656,59,"28,06","27,63","30,5"
657,"59,06","28,19","27,56","30,5"
658,59,"28,13","27,63","30,44"
659,59,"28,13","27,63","30,5"
660,59,"28,19","27,69","30,44"
661,59,"28,19","27,69","30,5"
662,59,"28,19","27,75","30,5"
663,"58,88","28,19","27,69","30,5"
664,"58,88","28,25","27,81","30,5"
665,"58,88","28,25","27,75","30,56"
666,"58,81","28,25","27,75","30,56"
667,"58,81","28,25","27,81","30,56"
668,"58,75","28,31","27,81","30,56"
669,"58,75","28,31","28,06","30,56"
670,"58,75","28,31","28,19","30,56"
671,"58,75","28,31","28,19","30,5"
672,"58,75","28,31","28,06","30,5"
673,"58,75","28,38","28,13","30,56"
674,"58,69","28,38","28,13","30,56"
675,"58,69","28,44","28,13","30,5"
676,"58,69","28,5","28,19","30,56"
677,"58,69","28,56","28,13","30,5"
678,"58,63","28,56","28,13","30,56"
679,"58,56","28,75","28,13","30,56"
680,"58,56","28,81","28,19","30,56"
681,"58,56","28,94","28,25","30,56"
682,"58,5","29,06","28,31","30,56"
683,"58,5","29,19","28,44","30,5"
684,"58,44","29,19","28,69","30,56"
685,"58,44","29,25","28,75","30,56"
686,"58,44","29,31","28,69","30,5"
687,"58,38","29,31","28,75","30,44"
688,"58,31","29,38","28,81","30,5"
689,"58,31","29,25","28,81","30,44"
690,"58,31","29,19","28,81","30,44"
691,"58,31","29,13","28,75","30,38"
692,"58,31","29,06","28,69","30,31"
693,"58,31","28,88","28,63","30,31"
694,"58,25","28,75","28,5","30,25"
695,"58,25","28,63","28,38","30,25"
696,"58,19","28,44","28,31","30,25"
697,"58,19","28,31","28,19","30,25"
698,"58,19","28,13","28,06","30,25"
699,"58,19",28,"28,06","30,19"
700,"58,19","27,88","27,81","30,13"
701,"58,19","27,69","27,75","30,06"
702,"58,13","27,56","27,75","30,06"
703,"58,13","27,38","27,63",30
704,"58,06","27,31","27,5",30
705,"58,06","27,19","27,44",30
706,"58,06","27,13","27,31",30
707,"58,06","26,94","27,25","29,94"
708,"58,06","26,88","27,19","29,94"
709,"58,06","26,69",27,"29,88"
710,58,"26,63","26,94","29,88"
711,58,"26,56","26,94","29,75"
712,"57,94","26,38","26,81","29,81"
713,"57,88","26,31","26,75","29,81"
714,"57,88","26,19","26,69","29,81"
715,"57,88","26,19","26,56","29,81"
716,"57,88","26,06","26,56","29,75"
717,"57,88","26,06","26,44","29,75"
718,"57,88","25,88","26,38","29,75"
719,"57,81","25,75","26,31","29,69"
720,"57,81","25,63","26,25","29,69"
721,"57,75","25,56","26,19","29,75"
722,"57,75","25,5","26,06","29,75"
723,"57,75","25,44",26,"29,75"
724,"57,75","25,44",26,"29,69"
725,"57,69","25,31","25,88","29,63"
726,"57,75","25,25","25,88","29,63"
727,"57,69","25,19","25,81","29,56"
728,"57,63","25,06","25,69","29,56"
729,"57,63","25,69","25,69","29,56"
730,"57,56","24,94","25,56","29,56"
731,"57,56","24,88","25,5","29,5"
732,"57,56","24,75","25,44","29,5"
733,"57,56","24,75","25,31","29,44"
734,"57,5","24,63","25,38","29,44"
735,"57,5","24,63","25,31","29,38"
736,"57,5","24,5","25,25","29,38"
737,"57,5","24,38","25,19","29,44"
738,"57,5","24,31","25,19","29,38"
739,"57,44","24,31","25,13","29,31"
740,"57,44","24,25",25,"29,31"
741,"57,38","24,13","24,94","29,25"
742,"57,38","24,06","24,94","29,19"
743,"57,38","24,06","24,88","29,19"
744,"57,38","23,94","24,81","29,25"
745,"57,31","23,94","24,69","29,19"
746,"57,31","23,88","24,69","29,19"
747,"57,31","23,81","24,63","29,19"
748,"57,31","23,75","24,56","29,19"
749,"57,25","23,69","24,56","29,06"
750,"57,19","23,63","24,5","29,13"
751,"57,19","23,63","24,44","29,06"
752,"57,13","23,56","24,38","29,06"
753,"57,19","23,56","24,38","29,06"
754,"57,13","23,44","24,38","29,06"
755,"57,06","23,31","24,25",29
756,"57,13","23,31","24,25",29
757,"57,13","23,31","24,25","28,94"
758,"57,06","23,19","24,19","28,88"
759,57,"23,13","24,13","28,88"
760,"57,06","23,13","24,06","28,88"
761,57,23,"24,06","28,81"
762,57,23,"24,06","28,75"
763,"56,94","22,94","23,94","28,81"
764,"56,94","22,88","23,94","28,75"
765,"56,94","22,88","23,88","28,75"
766,"56,88","22,75","23,56","28,75"
767,"56,88","22,75","23,81","28,75"
768,"56,81","22,69","23,75","28,75"
769,"56,81","22,63","23,69","28,69"
770,"56,81","23,63","23,69","28,69"
771,"56,75","22,63","23,69","28,63"
772,"56,75","22,5","23,63","28,63"
773,"56,75","22,44","23,56","28,56"
774,"56,69","22,44","23,56","28,56"
775,"56,75","22,44","23,56","28,56"
776,"56,69","22,38","23,5","28,5"
777,"56,69","22,31","23,5","28,5"
778,"56,63","22,25","23,44","28,44"
779,"56,63","22,19","23,44","28,5"
780,"56,63","22,13","23,38","28,44"
781,"56,63","22,13","23,38","28,44"
782,"56,63","22,13","23,31","28,38"
783,"56,56","22,13","23,25","28,38"
784,"56,5","22,13","23,38","28,38"
785,"56,5",22,"23,25","28,38"
786,"56,5","22,88","23,25","28,38"
787,"56,5","21,88","23,19","28,31"
788,"56,44","21,88","23,13","28,31"
789,"56,38","21,88","23,13","28,25"
790,"56,38","21,81","23,13","28,25"
791,"56,38","21,81","23,13","28,19"
792,"56,38","21,75","23,06","28,25"
793,"56,31","21,63",23,"28,19"
794,"56,31","21,69","23,06","28,19"
795,"56,25","21,69",23,"28,19"
796,"56,31","21,69",23,"28,13"
797,"56,25","21,63","22,94","28,13"
798,"56,25","21,63","22,94","28,13"
799,"56,19","21,63","22,94","28,13"
800,"56,25","21,56","22,88","28,13"
801,"56,19","21,44","22,88","28,13"
802,"56,13","21,5","22,81","28,13"
803,"56,13","21,44","22,81","28,13"
804,"56,13","21,44","22,75","28,13"
805,"56,06","21,38","22,81","28,13"
806,"56,06","21,44","22,75","28,13"
807,"56,06","21,25","22,75","28,06"
808,56,"21,38","22,75","28,06"
809,56,"21,38","22,75","28,13"
810,56,"21,38","22,69","28,13"
811,"55,94","21,38","22,75","28,13"
812,"55,94","21,38","22,75","28,19"
813,"55,94","21,5","22,75","28,19"
814,"55,88","21,5","22,75","28,31"
815,"55,88","21,5","22,81","28,31"
816,"55,88","21,56","22,81","28,25"
817,"55,88","21,63","22,88","28,31"
818,"55,81","21,69","22,88","28,31"
819,"55,81","21,75","22,94","28,31"
820,"55,81","21,81","22,94","28,38"
821,"55,75","21,94","22,94","28,44"
822,"55,63",22,"23,06","28,44"
823,"55,5",22,"23,13","28,5"
824,"55,5","22,06","23,19","28,56"
825,"55,5","22,19","23,19","28,63"
826,"55,44","22,25","23,31","28,63"
827,"55,38","22,38","23,31","28,75"
828,"55,38","22,44","23,31","28,75"
829,"55,38","22,56","23,31","28,81"
830,"55,38","22,69","23,31","28,88"
831,"55,38","22,81","23,44","28,88"
832,"55,31","22,94","23,5","28,94"
833,"55,25","23,06","23,56","28,94"
834,"55,25","23,13","23,63","28,94"
835,"55,25","23,25","23,69",29
836,"55,19","23,38","23,75","29,06"
837,"55,19","23,5","23,81","29,06"
838,"55,19","23,69","23,88","29,06"
839,"55,19","23,75","23,94","29,13"
840,"55,19","23,88",24,"29,13"
841,"55,13",24,"24,13","29,13"
842,"55,19","24,13","24,19","29,19"
843,"55,13","24,19","24,25","29,25"
844,"55,13","24,19","24,31","29,25"
845,"55,13","24,38","24,38","29,31"
846,"55,13","24,44","24,44","29,31"
847,"55,06","24,56","24,5","29,44"
848,"55,06","24,63","24,5","29,44"
849,"55,06","24,69","24,56","29,44"
850,55,"24,69","24,69","29,5"
851,55,"24,81","24,69","29,56"
852,55,"24,88","24,75","29,56"
853,55,"24,88","24,81","29,56"
854,"54,94",25,"24,81","29,56"
855,"54,94","25,06","24,88","29,56"
856,"54,94","25,06","24,88","29,63"
857,"54,88","25,19","24,94","29,69"
858,"54,88","25,25",25,"29,69"
859,"54,94","25,31","25,06","29,69"
860,"54,88","25,31","25,13","29,75"
861,"54,88","25,38","25,13","29,75"
862,"54,88","25,5","25,19","29,75"
863,"54,81","25,5","25,19","29,75"
864,"54,88","25,63","25,31","29,81"
865,"54,81","25,69","25,38","29,88"
866,"54,81","25,75","25,44","29,88"
867,"54,75","25,81","25,44","29,88"
868,"54,81","25,88","25,5","29,94"
869,"54,75","25,88","25,5","29,94"
870,"54,94",26,"25,5",30
871,"55,13","26,06","25,56",30
872,"55,38","26,06","25,63",30
873,"55,63","26,13","25,63",30
874,"55,94","26,19","25,63","30,13"
875,"56,25","26,31","25,75","30,13"
876,"56,63","26,38","25,75","30,13"
877,"56,94","26,38","25,75","30,13"
878,"57,25","26,44","25,88","30,19"
879,"57,56","26,5","25,81","30,19"
880,"57,88","26,56","25,94","30,25"
881,"58,13","26,63","25,94","30,25"
882,"58,25","26,63",26,"30,25"
883,"58,38","26,81",26,"30,25"
884,"58,44","26,81","26,06","30,31"
885,"58,5","26,94","26,13","30,31"
886,"58,56",27,"26,13","30,38"
887,"58,56",27,"26,25","30,38"
888,"58,63","27,06","26,38","30,38"
889,"58,63","27,19","26,44","30,38"
890,"58,63","27,19","26,5","30,38"
891,"58,63","27,25","26,56","30,38"
892,"58,69","27,25","26,63","30,44"
893,"58,63","27,31","26,75","30,56"
894,"58,69","27,38","26,81","30,69"
895,"58,63","27,5","26,94","30,88"
896,"58,63","27,44","26,94",31
897,"58,63","27,5","26,94",31
898,"58,63","27,5","26,94",31
899,"58,63","27,5","27,06","30,94"
900,"58,63","27,56","27,13","30,88"
901,"58,63","27,5","27,13","30,75"
902,"58,56","27,63","27,13","30,69"
903,"58,63","27,56","27,13","30,75"
904,"58,5","27,56","27,19","30,63"
905,"58,56","27,56","27,25","30,63"
906,"58,56","27,56","27,19","30,63"
907,"58,5","27,56","27,25","30,63"
908,"58,5","27,56","27,25","30,63"
909,"58,5","27,63","27,31","30,56"
910,"58,5","27,63","27,38","30,56"
911,"58,56","27,63","27,31","30,63"
912,"58,56","27,63","27,31","30,69"
913,"58,63","27,63","27,31","30,69"
914,"58,75","27,56","27,31","30,69"
915,"58,75","27,63","27,31","30,69"
916,"58,81","27,63","27,38","30,75"
917,59,"27,69","27,31","30,75"
918,59,"27,69","27,31","30,81"
919,"59,06","27,75","27,31","30,81"
920,"59,13","27,69","27,25","30,81"
921,"59,19","27,69","27,25","30,88"
922,"59,19","27,75","27,25","30,88"
923,"59,25","27,75","27,25","30,88"
924,"59,19","27,88","27,38","30,88"
925,"59,25","27,81","27,38","30,88"
926,"59,19","27,88","27,44","30,88"
927,"59,25","27,88","27,44","30,94"
928,"59,19","27,94","27,44","30,94"
929,"59,19",28,"27,5",31
930,"59,25",28,"27,56",31
931,"59,19","28,06","27,56","30,94"
932,"59,19","28,06","27,63","30,94"
933,"59,19","28,13","27,69",31
934,"59,19","28,31","27,75",31
935,"59,19","28,25","27,75",31
936,"59,13","28,31","27,75","31,06"
937,"59,19","28,38","27,88","31,06"
938,"59,13","28,44","27,88",31
939,"59,13","28,5",28,"31,06"
940,"59,13","28,5",28,"31,06"
941,"59,13","28,56","28,06",31
942,"59,13","28,63","28,06","31,06"
943,"59,13","28,63","28,06","31,06"
944,"59,13","28,69","28,13","31,06"
945,"59,06","28,75","28,13","31,06"
946,"59,06","28,75","28,13","31,06"
947,"59,06","28,81","28,19","31,13"
948,"59,06","28,81","28,25","31,06"
949,"59,06","28,88","28,31","31,13"
950,59,"28,88","28,31","31,13"
951,59,"28,94","28,31","31,13"
952,59,29,"28,38","31,13"
953,59,29,"28,44","31,13"
954,"58,94","29,06","28,44","31,13"
955,"58,94",29,"28,38","31,13"
956,"58,94",29,"28,44","31,13"
957,"58,94",29,"28,44","31,13"
958,"58,94",29,"28,44","31,13"
959,"58,94","29,13","28,44","31,13"
960,"58,88","29,19","28,5","31,13"
961,"58,88","29,19","28,56","31,13"
962,"58,81","29,19","28,63","31,13"
963,"58,81","29,25","28,56","31,06"
964,"58,81","29,31","28,69","31,13"
965,"58,81","29,31","28,63","31,06"
966,"58,81","29,38","28,69","31,06"
967,"58,75","29,44","28,69","31,06"
968,"58,69","29,5","28,75","31,06"
969,"58,69","29,5","28,75","31,06"
970,"58,69","29,56","28,88","31,06"
971,"58,63","29,5","28,81","31,06"
972,"58,63","29,5","28,81","31,06"
973,"58,56","29,56","28,88","31,06"
974,"58,56","29,56",29,31
975,"58,5","29,56",29,"31,06"
976,"58,5","29,5","28,94",31
977,"58,5","29,38",29,"30,94"
978,"58,5","29,31",29,"30,94"
979,"58,5","29,19","28,94","30,94"
980,"58,5","29,13","28,88","30,88"
981,"58,44",29,"28,75","30,81"
982,"58,44","28,94","28,69","30,75"
983,"58,38","28,75","28,56","30,69"
984,"58,38","28,63","28,5","30,69"
985,"58,38","28,56","28,44","30,69"
986,"58,38","28,44","28,31","30,69"
987,"58,31","28,31","28,31","30,63"
988,"58,31","28,19","28,13","30,56"
989,"58,31","28,06","28,06","30,56"
990,"58,25","28,06","28,06","30,5"
991,"58,31","27,88",28,"30,5"
992,"58,25","27,69","27,88","30,5"
993,"58,25","27,69","27,75","30,44"
994,"58,25","27,69","27,69","30,44"
995,"58,19","27,38","27,63","30,38"
996,"58,19","27,31","27,56","30,38"
997,"58,19","27,13","27,44","30,38"
998,"58,13","27,06","27,38","30,31"
999,"58,13","26,94","27,25","30,31"
1000,"58,13","26,75","27,31","30,25"
1001,"58,06","26,63","27,13","30,19"
1002,"58,06","26,56","27,06","30,25"
1003,"58,06","26,38","26,94","30,19"
1004,58,"26,38",27,"30,19"
1005,"57,94","26,25","26,81","30,13"
1006,58,"26,25","26,75","30,13"
1007,"57,94","26,13","26,69","30,13"
1008,"57,94","26,06","26,63","30,13"
1009,"57,94",26,"26,56","30,13"
1010,"57,88","25,94","26,44","30,06"
1011,"57,88","25,81","26,44","30,06"
1012,"57,88","25,75","26,31",30
1013,"57,81","25,69","26,25","29,94"
1014,"57,81","25,63","26,25","29,94"
1015,"57,81","25,56","26,13","29,94"
1016,"57,81","25,5","26,13","29,94"
1017,"57,75","25,44","26,06","29,88"
1018,"57,75","25,38",26,"29,88"
1019,"57,75","25,31","25,94","29,88"
1020,"57,75","25,25","25,88","29,81"
1021,"57,69","25,19","25,81","29,81"
1022,"57,69","25,19","25,81","29,81"
1023,"57,69","25,06","25,75","29,81"
1024,"57,63",25,"25,75","29,75"
1025,"57,63","24,94","25,63","29,75"
1026,"57,63","24,94","25,63","29,75"
1027,"57,56","24,88","25,56","29,75"
1028,"57,56","24,81","25,56","29,75"
1029,"57,56","24,81","25,44","29,75"
1030,"57,5","24,88","25,31","29,69"
1031,"57,5","24,88","25,63","29,69"
1032,"57,5","24,75","25,5","29,69"
1033,"57,44","24,63","25,38","29,69"
1034,"57,44","24,63","25,31","29,63"
1035,"57,44","24,56","25,25","29,69"
1036,"57,38","24,5","25,25","29,63"
1037,"57,38","24,44","25,13","29,56"
1038,"57,38","24,5","25,19","29,56"
1039,"57,38","24,31","25,13","29,63"
1040,"57,31","24,31",25,"29,56"
1041,"57,31","24,31",25,"29,56"
1042,"57,25","24,31","24,94","29,56"
1043,"57,25","24,25",25,"29,44"
1044,"57,31","24,13","24,88","29,5"
1045,"57,25","24,13","24,94","29,5"
1046,"57,19","24,13","24,88","29,44"
1047,"57,19","24,06","24,88","29,44"
1048,"57,13",24,"24,81","29,38"
1049,"57,19",24,"24,81","29,44"
1050,"57,13",24,"24,69","29,44"
1051,"57,06","23,94","24,56","29,38"
1052,"57,06","23,94","24,69","29,38"
1053,"57,06","23,88","24,69","29,38"
1054,"57,06","23,81","24,69","29,31"
1055,57,"23,94","24,69","29,38"
1056,57,"23,81","24,63","29,38"
1057,"56,94","23,75","24,63","29,31"
1058,57,"23,75","24,56","29,25"
1059,57,"23,75","24,56","29,25"
1060,"56,94","23,69","24,19","29,25"
1061,"56,88","23,69","24,56","29,25"
1062,"56,88","23,75","24,5","29,19"
1063,"56,88","23,81","24,5","29,19"
1064,"56,88","23,69","24,5","29,25"
1065,"56,88","23,69","24,5","29,19"
1066,"56,81","23,69","24,44","29,19"
1067,"56,81","23,63","24,44","29,13"
1068,"56,75","23,63","24,44","29,13"
1069,"56,75","23,63","24,44","29,13"
1070,"56,75","23,63","24,44","29,13"
1071,"56,75","23,63","24,44","29,13"
1072,"56,75","23,63","24,44","29,13"
1073,"56,75","23,69","24,38","29,13"
1074,"56,69","23,69","24,5","29,06"
1075,"56,69","23,69","24,5","29,13"
1076,"56,69","23,75","24,44","29,13"
1077,"56,56","23,75","24,44","29,06"
1078,"56,63","23,81","24,44","29,13"
1079,"56,63","23,75","24,44","29,06"
1080,"56,56","23,75","24,5","29,06"
1081,"56,56","23,88","24,5","29,13"
1082,"56,5","23,75","24,5","29,06"
1083,"56,5","23,81","24,56",29
1084,"56,5","23,88","24,56",29
1085,"56,44","23,81","24,5",29
1086,"56,44","23,81","24,56",29
1087,"56,44","23,75","24,5","28,94"
1088,"56,44","23,75","24,5",29
1089,"56,44","23,69","24,44","28,94"
1090,"56,44","23,69","24,44","28,94"
1091,"56,38","23,63","24,44","28,94"
1092,"56,38","23,63","24,44","28,88"
1093,"56,31","23,63","24,38","28,88"
1094,"56,31","23,5","24,38","28,88"
1095,"56,25","23,56","24,31","28,88"
1096,"56,25","23,5","24,31","28,88"
1097,"56,25","23,44","24,31","28,94"
1098,"56,25","23,38","24,25","28,94"
1099,"56,19","23,38","24,25","28,88"
1100,"56,19","23,44","24,25","28,94"
1101,"56,19","23,44","24,25","28,94"
1102,"56,13","23,44","24,19",29
1103,"56,13","23,44","24,25","28,94"
1104,"56,13","23,44","24,19","28,94"
1105,"56,06","23,5","24,25","28,94"
1106,"56,06","23,5","24,31",29
1107,"56,06","23,56","24,31","29,06"
1108,"56,06","23,56","24,38",29
1109,"56,06","23,63","24,38","29,13"
1110,56,"23,63","24,44","29,13"
1111,56,"23,69","24,44","29,13"
1112,"55,94","23,75","24,44","29,13"
1113,"55,94","23,81","24,44","29,19"
1114,"55,94","23,88","24,5","29,19"
1115,"55,94","23,88","24,56","29,19"
1116,"55,94",24,"24,56","29,19"
1117,"55,88",24,"24,69","29,25"
1118,"55,88","24,06","24,63","29,25"
1119,"55,88","24,13","24,69","29,31"
1120,"55,81","24,25","24,75","29,31"
1121,"55,81","24,31","24,75","29,31"
1122,"55,81","24,38","24,81","29,38"
1123,"55,81","24,44","24,88","29,31"
1124,"55,75","24,5","24,88","29,38"
1125,"55,69","24,63","24,94","29,38"
1126,"55,75","24,63","24,94","29,38"
1127,"55,75","24,69",25,"29,44"
1128,"55,69","24,69","25,06","29,44"
1129,"55,69","24,69","25,06","29,44"
1130,"55,69","24,81","25,06","29,44"
1131,"55,69","24,81","25,13","29,5"
1132,"55,63","24,88","25,19","29,5"
1133,"55,69","24,88","25,13","29,5"
1134,"55,56","24,94","25,19","29,5"
1135,"55,63",25,"25,19","29,56"
1136,"55,63","25,06","25,25","29,56"
1137,"55,56","25,13","25,25","29,63"
1138,"55,56","25,13","25,25","29,63"
1139,"55,56","25,19","25,31","29,69"
1140,"55,5","25,19","25,38","29,75"
1141,"55,5","25,31","25,38","29,75"
1142,"55,5","25,38","25,38","29,81"
1143,"55,5","25,44","25,5","29,81"
1144,"55,5","25,5","25,56","29,88"
1145,"55,5","25,69","25,56","29,94"
1146,"55,44","25,75","25,63","29,94"
1147,"55,44","25,81","25,69","29,94"
1148,"55,44","25,88","25,69","29,88"
1149,"55,38","25,94","25,75","29,94"
1150,"55,38","25,94","25,88",30
1151,"55,38","26,06","25,88",30
1152,"55,38","26,13","25,94","30,06"
1153,"55,31","26,19",26,"30,06"
1154,"55,31","26,25",26,"30,13"
1155,"55,25","26,31","26,06","30,13"
1156,"55,25","26,38","26,13","30,13"
1157,"55,25","26,44","26,19","30,19"
1158,"55,25","26,5","26,19","30,25"
1159,"55,25","26,56","26,25","30,25"
1160,"55,19","26,56","26,25","30,25"
1161,"55,25","26,63","26,31","30,25"
1162,"55,19","26,75","26,44","30,31"
1163,"55,19","26,81","26,5","30,31"
1164,"55,13","26,94","26,5","30,31"
1165,"55,13","27,06","26,63","30,31"
1166,"55,13","27,06","26,63","30,31"
1167,"55,13","27,06","26,69","30,31"
1168,"55,13","27,06","26,69","30,31"
1169,"55,06","27,19","26,75","30,31"
1170,"55,06","27,13","26,75","30,31"
1171,"55,06","27,19","26,81","30,31"
1172,55,"27,25","26,81","30,38"
1173,55,"27,25","26,88","30,38"
1174,55,"27,38","26,94","30,44"
1175,"54,94","27,38","26,94","30,44"
1176,"54,94","27,44","27,06","30,5"
1177,"54,88","27,56",27,"30,5"
1178,"54,94","27,75","27,13","30,63"
1179,"54,94","27,75","27,19","30,63"
1180,"54,88","27,88","27,25","30,69"
1181,"54,88","28,19","27,38","30,69"
1182,"54,94","28,31","27,5","30,69"
1183,"54,94","28,38","27,5","30,75"
1184,55,"28,5","27,63","30,81"
1185,"55,13","28,56","27,63","30,81"
1186,"55,31","28,56","27,69","30,81"
1187,"55,5","28,56","27,75","30,88"
1188,"55,75","28,63","27,69","30,88"
1189,"55,94","28,63","27,75","30,88"
1190,"56,19","28,69","27,75","30,94"
1191,"56,44","28,63","27,69","30,94"
1192,"56,63","28,5","27,69","30,94"
1193,"56,75","28,5","27,63","30,94"
1194,"56,94","28,44","27,63","30,88"
1195,"57,06","28,38","27,69","30,88"
1196,"57,25","28,31","27,69","30,88"
1197,"57,38","28,25","27,69","30,88"
1198,"57,5","28,25","27,69","30,94"
1199,"57,69","28,25","27,69","30,88"
1200,"57,81","28,25","27,69","30,88"
1201,58,"28,25","27,69","30,88"
1202,"58,13","28,25","27,69","30,94"
1203,"58,31","28,25","27,63","30,94"
1204,"58,44","28,25","27,63","30,94"
1205,"58,56","28,25","27,63","30,94"
1206,"58,69","28,31","27,69","30,94"
1207,"58,75","28,25","27,69",31
1208,"58,75","28,31","27,75","30,94"
1209,"58,81","28,31","27,81","30,94"
1210,"58,88","28,31","27,75","30,94"
1211,"58,94","28,31","27,81","30,88"
1212,"58,94","28,25","27,81","30,88"
1213,"58,88","28,19","27,81","30,88"
1214,"58,94","28,19","27,81","30,81"
1215,"58,94","28,13","27,88","30,88"
1216,"58,94","28,19","27,81","30,88"
1217,"58,94","28,19","27,81","30,88"
1218,"58,94","28,19","27,81","30,81"
1219,"58,94","28,19","27,88","30,88"
1220,"58,88","28,19","27,88","30,88"
1221,"58,88","28,13","27,81","30,81"
1222,"58,88","28,13","27,88","30,88"
1223,"58,88","28,06","27,88","30,88"
1224,"58,88","28,13","27,88","30,81"
1225,"58,88","28,06","27,88","30,88"
1226,"58,81","28,06","27,88","30,88"
1227,"58,81","28,13","27,88","30,81"
1228,"58,81","28,13","27,94","30,88"
1229,"58,81","28,19","27,94","30,81"
1230,"58,81","28,25","27,94","30,88"
1231,"58,81","28,19","27,94","30,88"
1232,"58,81","28,25",28,"30,88"
1233,"58,81","28,19",28,"30,81"
1234,"58,75","28,19",28,"30,81"
1235,"58,75","28,25",28,"30,81"
1236,"58,75","28,25",28,"30,88"
1237,"58,75","28,25","28,06","30,88"
1238,"58,75","28,31","28,06","30,81"
1239,"58,69","28,25","28,06","30,88"
1240,"58,69","28,31","28,06","30,88"
1241,"58,69","28,25","28,06","30,88"
1242,"58,63","28,31","28,06","30,88"
1243,"58,63","28,31","28,06","30,94"
1244,"58,69","28,31","28,13","30,88"
1245,"58,63","28,38","28,13","30,88"
1246,"58,56","28,31","28,13","30,88"
1247,"58,56","28,31","28,13","30,88"
1248,"58,63","28,31","28,06","30,88"
1249,"58,56","28,31","28,06","30,88"
1250,"58,5","28,25","28,06","30,81"
1251,"58,5","28,31","28,06","30,75"
1252,"58,44","28,25","28,13","30,88"
1253,"58,44","28,25","28,13","30,81"
1254,"58,44","28,25","28,06","30,88"
1255,"58,38","28,19","28,13","30,88"
1256,"58,31","28,13","28,13","30,81"
1257,"58,31","28,13","28,13","30,81"
1258,"58,38",28,"28,06","30,81"
1259,"58,25","27,94","28,06","30,81"
1260,"58,25","27,88",28,"30,75"
1261,"58,19","27,81",28,"30,75"
1262,"58,19","27,75","27,88","30,75"
1263,"58,13","27,69","27,88","30,75"
1264,"58,19","27,56","27,88","30,69"
1265,"58,13","27,5","27,69","30,69"
1266,"58,13","27,44","27,69","30,69"
1267,"58,13","27,38","27,63","30,63"
1268,"58,13","27,31","27,56","30,63"
1269,"58,13","27,25","27,56","30,56"
1270,"58,06","27,13","27,5","30,56"
1271,58,"27,13","27,44","30,56"
1272,"57,94",27,"27,38","30,56"
1273,"57,88","26,88","27,25","30,56"
1274,"57,88","26,81","27,25","30,5"
1275,"57,81","26,75","27,19","30,44"
1276,"57,81","26,69","27,06","30,44"
1277,"57,81","26,56","27,06","30,38"
1278,"57,81","26,44","26,94","30,38"
1279,"57,75","26,31","26,88","30,31"
1280,"57,75","26,5","26,81","30,25"
1281,"57,75","26,13","26,75","30,25"
1282,"57,75","26,13","26,69","30,19"
1283,"57,69",26,"26,69","30,19"
1284,"57,69","25,94","26,56","30,13"
1285,"57,63","25,88","26,44","30,06"
1286,"57,69","25,75","26,38","30,06"
1287,"57,63","25,69","26,38",30
1288,"57,56","25,63","26,31",30
1289,"57,56","25,5","26,25","29,94"
1290,"57,56","25,44","26,25","29,94"
1291,"57,56","25,31","26,06","29,94"
1292,"57,5","25,25",26,"29,94"
1293,"57,5","25,19","25,94","29,88"
1294,"57,5","25,13","25,94","29,88"
1295,"57,44","25,06","25,88","29,81"
1296,"57,44",25,"25,81","29,81"
1297,"57,44",25,"25,75","29,81"
1298,"57,38","24,94","25,56","29,75"
1299,"57,38","24,88","25,63","29,75"
1300,"57,38","24,81","25,63","29,75"
1301,"57,31","24,75","25,56","29,69"
1302,"57,38","24,69","25,56","29,75"
1303,"57,31","24,63","25,44","29,69"
1304,"57,31","24,56","25,44","29,69"
1305,"57,25","24,56","25,38","29,63"
1306,"57,25","24,5","25,38","29,63"
1307,"57,25","24,44","25,31","29,63"
1308,"57,25","24,44","25,31","29,63"
1309,"57,19","24,5","25,06","29,63"
1310,"57,19","24,31","25,13","29,56"
1311,"57,13","24,31","25,06","29,56"
1312,"57,13","24,31","25,13","29,56"
1313,"57,13","24,31","25,13","29,56"
1314,"57,13","24,25","25,06","29,56"
1315,"57,06","24,31","25,06","29,56"
1316,"57,06","24,25",25,"29,56"
1317,"57,06","24,19",25,"29,5"
1318,57,"24,19","25,06","29,56"
1319,57,"24,19",25,"29,5"
1320,"57,06","24,13","24,94","29,5"
1321,57,"24,06","24,88","29,5"
1322,"56,94",24,"24,88","29,5"
1323,"56,94","23,94","24,88","29,44"
1324,"56,94",24,"24,69","29,5"
1325,"56,88",24,"24,81","29,44"
1326,"56,94","23,94","24,81","29,44"
1327,"56,88","23,88","24,75","29,38"
1328,"56,88","23,88","24,81","29,38"
1329,"56,88","23,88","24,75","29,31"
1330,"56,88","23,81","24,69","29,38"
1331,"56,81","23,81","24,69","29,31"
1332,"56,81","23,75","24,63","29,31"
1333,"56,75","23,75","24,63","29,25"
1334,"56,75","23,69","24,69","29,31"
1335,"56,75","23,75","24,63","29,25"
1336,"56,69","23,69","24,56","29,25"
1337,"56,69","23,69","24,69","29,25"
1338,"56,63","23,63","24,56","29,25"
1339,"56,63","23,63","24,5","29,19"
1340,"56,63","23,63","24,56","29,19"
1341,"56,63","23,56","24,5","29,19"
1342,"56,56","23,56","24,5","29,19"
1343,"56,56","23,44","24,44","29,13"
1344,"56,56","23,44","24,44","29,13"
1345,"56,56","23,44","24,38","29,06"
1346,"56,5","23,38","24,38",29
1347,"56,5","23,31","24,38","29,06"
1348,"56,44","23,25","24,31",29
1349,"56,44","23,19","24,25",29
1350,"56,44","23,19","24,25",29
1351,"56,44","23,13","24,25","28,94"
1352,"56,38","23,13","24,19","28,94"
1353,"56,38",23,"24,13","28,94"
1354,"56,38",23,"24,06","28,88"
1355,"56,31","22,88","24,06","28,81"
1356,"56,31","22,94",24,"28,81"
1357,"56,31","22,88",24,"28,75"
1358,"56,31","22,81",24,"28,75"
1359,"56,25","22,75",24,"28,69"
1360,"56,25","22,69","23,94","28,63"
1361,"56,19","22,69","23,94","28,69"
1362,"56,19","22,69","23,88","28,63"
1363,"56,13","22,56","23,88","28,63"
1364,"56,13","22,5","23,81","28,63"
1365,"56,13","22,44","23,75","28,56"
1366,"56,13","22,44","23,75","28,56"
1367,"56,06","22,31","23,69","28,56"
1368,"56,06","22,25","23,63","28,5"
1369,56,"22,19","23,56","28,44"
1370,56,"22,13","23,44","28,44"
1371,56,"22,13","23,5","28,38"
1372,56,22,"23,44","28,38"
1373,"55,94","21,88","23,5","28,31"
1374,"55,94","21,88","23,31","28,31"
1375,"55,94","21,81","23,31","28,38"
1376,"55,88","21,81","23,38","28,31"
1377,"55,88","21,81","23,31","28,31"
1378,"55,88","21,75","23,31","28,31"
1379,"55,81","21,75","23,25","28,25"
1380,"55,81","21,75","23,25","28,25"
1381,"55,81","21,69","23,31","28,31"
1382,"55,81","21,75","23,25","28,31"
1383,"55,75","21,69","23,35","28,25"
1384,"55,75","21,69","23,25","28,31"
1385,"55,69","21,69","23,25","28,31"
1386,"55,69","21,69","23,25","28,25"
1387,"55,63","21,69","23,25","28,25"
1388,"55,69","21,75","23,25","28,31"
1389,"55,63","21,81","23,25","28,31"
1390,"55,63","21,88","23,25","28,31"
1391,"55,63","21,88","23,38","28,38"
1392,"55,56","21,94","23,31","28,38"
1393,"55,5",22,"23,38","28,44"
1394,"55,31",22,"23,38","28,5"
1395,"55,25","22,06","23,44","28,5"
1396,"55,25","22,19","23,5","28,56"
1397,"55,13","22,25","23,31","28,56"
1398,"55,13","22,31","23,44","28,63"
1399,"55,06","22,38","23,5","28,69"
1400,"55,13","22,44","23,56","28,69"
1401,"55,06","22,5","23,63","28,69"
1402,"55,06","22,56","23,69","28,69"
1403,55,"22,69","23,69","28,75"
1404,55,"22,75","23,75","28,81"
1405,55,"22,75","23,81","28,81"
1406,"54,94","22,81","23,88","28,88"
1407,55,"22,94","23,88","28,88"
1408,"54,94","22,94","23,94","28,88"
1409,"54,94","23,06","23,94","28,88"
1410,"54,94","23,06",24,"28,88"
1411,"54,94","23,19",24,"28,94"
1412,"54,88","23,19","24,06","28,88"
1413,"54,88","23,25","24,06","28,88"
1414,"54,81","23,25","24,13","28,94"
1415,"54,81","23,31","24,13","28,88"
1416,"54,81","23,31","24,13","28,88"
1417,"54,75","23,31","24,25","28,94"
1418,"54,81","23,38","24,25",29
1419,"54,81","23,5","24,31",29
1420,"54,75","23,56","24,31",29
1421,"54,75","23,63","24,31","29,06"
1422,"54,69","23,69","24,38",29
1423,"54,75","23,75","24,44","29,06"
1424,"54,75","23,81","24,5","29,13"
1425,"54,69","23,88","24,5","29,19"
1426,"54,69","23,88","24,56","29,19"
1427,"54,69",24,"24,56","29,19"
1428,"54,63",24,"24,56","29,19"
1429,"54,63","24,06","24,69","29,19"
1430,"54,56","24,19","24,75","29,19"
1431,"54,63","24,25","24,69","29,25"
1432,"54,56","24,31","24,75","29,31"
1433,"54,56","24,38","24,81","29,31"
1434,"54,56","24,38","24,88","29,38"
1435,"54,5","24,63","24,94","29,38"
1436,"54,56","24,63","24,94","29,44"
1437,"54,5","24,63","24,94","29,44"
1438,"54,44","24,69",25,"29,5"
1439,"54,44","24,81","25,06","29,5"
1440,"54,44","24,81","25,06","29,5"
1441,"54,44","24,88","25,13","29,56"
1442,"54,38","24,94","25,19","29,63"
1443,"54,38",25,"25,19","29,56"
1444,"54,38","25,06","25,25","29,56"
1445,"54,38","25,13","25,19","29,56"
1446,"54,38","25,13","25,25","29,63"
1447,"54,31","25,25","25,31","29,63"
1448,"54,31","25,31","25,38","29,63"
1449,"54,25","25,38","25,38","29,63"
1450,"54,25","25,38","25,44","29,63"
1451,"54,25","25,5","25,56","29,69"
1452,"54,19","25,56","25,5","29,63"
1453,"54,19","25,63","25,63","29,69"
1454,"54,19","25,69","25,56","29,75"
1455,"54,13","25,75","25,63","29,75"
1456,"54,13","25,81","25,81","29,75"
1457,"54,06","25,88","25,75","29,75"
1458,"54,06","25,94","25,88","29,75"
1459,"54,06","25,94","25,81","29,81"
1460,54,"26,06","25,81","29,81"
1461,54,"26,06",26,"29,81"
1462,"53,94","26,19","26,06","29,88"
1463,54,"26,19","26,06","29,88"
1464,"53,94","26,25","26,13","29,88"
1465,"53,94","26,25","26,13","29,88"
1466,"53,88","26,44","26,25","29,88"
1467,"53,94","26,38","26,25","29,94"
1468,"53,81","26,5","26,25","29,88"
1469,"53,81","26,56","26,31","29,94"
1470,"53,81","26,63","26,38","29,88"
1471,"53,81","26,63","26,38","29,94"
1472,"53,75","26,63","26,38","29,94"
1473,"53,75","26,69","26,44","29,94"
1474,"53,69","26,75","26,44","29,94"
1475,"53,69","26,75","26,5","29,94"
1476,"53,69","26,88","26,5","29,94"
1477,"53,63","26,88","26,56","29,94"
1478,"53,63","26,88","26,63","29,94"
1479,"53,63","26,94","26,63","29,94"
1480,"53,63",27,"26,69","29,94"
1481,"53,56","26,94","26,69","29,94"
1482,"53,56",27,"26,75","29,94"
1483,"53,5","27,06","26,75","29,94"
1484,"53,5","27,06","26,81",30
1485,"53,44","27,06","26,88","29,94"
1486,"53,5","27,06","26,81",30
1487,"53,38","27,13","26,88","29,94"
1488,"53,44","27,13","26,88",30
1489,"53,44","27,19","26,81",30
1490,"53,38","27,13","26,81",30
1491,"53,38","27,13","26,75","30,06"
1492,"53,44","27,19","26,81",30
1493,"53,38","27,19","26,81",30
1494,"53,38","27,13","26,81","30,06"
1495,"53,38","27,25","26,81","30,06"
1496,"53,25","27,25","26,81","30,19"
1497,"53,06","27,19","26,88","30,19"
1498,"52,94","27,25","26,88","30,25"
1499,"52,88","27,25","26,94","30,31"
1500,"52,94","27,31","27,06","30,31"
1501,"52,94","27,25","27,06","30,31"
1502,"52,94","27,25","27,13","30,31"
1503,"52,94","27,25","27,06","30,31"
1504,"52,94","27,25","27,06","30,31"
1505,"52,94","27,31",27,"30,31"
1506,"52,94","27,25",27,"30,38"
1507,53,"27,31","27,06","30,31"
1508,53,"27,31","27,06","30,31"
1509,53,"27,31","27,06","30,31"
1510,53,"27,31","27,13","30,31"
1511,53,"27,25","27,06","30,38"
1512,53,"27,31",27,"30,38"
1513,53,"27,25","27,06","30,31"
1514,53,"27,25","27,06","30,31"
1515,53,"27,25","27,06","30,31"
1516,53,"27,31","27,13","30,31"
1517,53,"27,31","27,13","30,31"
1518,53,"27,31","27,06","30,31"
1519,53,"27,31","27,13","30,31"
1520,"52,94","27,31","27,19","30,25"
1521,"52,94","27,38","27,19","30,25"
1522,"52,94","27,31","27,13","30,31"
1523,"52,94","27,38","27,19","30,25"
1524,"52,94","27,31","27,13","30,25"
1525,"52,94","27,31","27,19","30,25"
1526,"52,94","27,38","27,19","30,25"
1527,"52,94","27,38","27,19","30,25"
1528,"52,94","27,31","27,19","30,25"
1529,"52,94","27,38","27,19","30,25"
1530,"52,88","27,31","27,13","30,13"
1531,"52,88","27,31","27,19","30,19"
1532,"52,88","27,31","27,19","30,19"
1533,"52,88","27,31","27,25","30,19"
1534,"52,88","27,31","27,25","30,19"
1535,"52,88","27,31","27,19","30,19"
1536,"52,81","27,38","27,19","30,13"
1537,"52,81","27,38","27,19","30,13"
1538,"52,81","27,44","27,19","30,13"
1539,"52,81","27,5","27,25","30,13"
1540,"52,81","27,56","27,31","30,13"
1541,"52,75","27,63","27,38","30,13"
1542,"52,75","27,63","27,31","30,13"
1543,"52,75","27,69","27,38","30,19"
1544,"52,69","27,69","27,38","30,19"
1545,"52,69","27,75","27,44","30,19"
1546,"52,63","27,63","27,5","30,19"
1547,"52,63","27,56","27,38","30,19"
1548,"52,63","27,5","27,5","30,19"
1549,"52,63","27,38","27,44","30,19"
1550,"52,63","27,25","27,38","30,13"
1551,"52,63","27,13","27,31","30,13"
1552,"52,63","26,94","27,19","30,13"
1553,"52,5","26,81","27,13","30,13"
1554,"52,56","26,69",27,"30,06"
1555,"52,5","26,5","26,88","30,06"
1556,"52,5","26,38","26,81",30
1557,"52,5","26,25","26,75","29,94"
1558,"52,5","26,13","26,63","29,88"
1559,"52,5",26,"26,56","29,88"
1560,"52,5","25,81","26,44","29,81"
1561,"52,44","25,69","26,31","29,88"
1562,"52,44","25,5","26,19","29,75"
1563,"52,38","25,44","26,19","29,75"
1564,"52,44","25,38","26,13","29,75"
1565,"52,44","25,25",26,"29,69"
1566,"52,44","25,06","25,88","29,63"
1567,"52,38","24,94","25,75","29,63"
1568,"52,38","24,88","25,75","29,56"
1569,"52,38","24,75","25,63","29,56"
1570,"52,38","24,69","25,56","29,5"
1571,"52,31","24,63","25,5","29,44"
1572,"52,31","24,56","25,44","29,44"
1573,"52,31","24,44","25,31","29,44"
1574,"52,25","24,31","25,25","29,38"
1575,"52,31","24,19","25,19","29,38"
1576,"52,25","24,19","25,13","29,38"
1577,"52,25","24,06","24,5","29,38"
1578,"52,25","23,94",25,"29,31"
1579,"52,13","23,88","24,94","29,31"
1580,"52,19","23,81","24,88","29,25"
1581,"52,19","23,69","24,75","29,25"
1582,"52,19","23,56","24,69","29,25"
1583,"52,19","23,56","24,63","29,19"
1584,"52,19","23,44","24,56","29,06"
1585,"52,13","23,44","24,5","29,13"
1586,"52,13","23,38","24,44","29,13"
1587,"52,13","23,38","24,5","29,06"
1588,"52,06","23,25","24,06","29,06"
1589,"52,06","23,31","24,38","29,06"
1590,"52,06","23,13","24,31","29,13"
1591,"52,06","23,19","24,19","29,13"
1592,"52,06",23,"24,13","29,06"
1593,52,"22,88","24,06","29,06"
1594,52,"22,88",24,"29,06"
1595,"51,94","22,81","23,94",29
1596,"51,94","22,75","23,88",29
1597,"51,94","22,69","23,81",29
1598,"51,94","22,69","23,81",29
1599,"51,94","22,63","23,81","28,94"
1600,"51,94","22,5","23,75","28,94"
1601,"51,88","22,5","23,69","28,88"
1602,"51,88","22,38","23,63","28,81"
1603,"51,81","22,25","23,31","28,81"
1604,"51,88","22,31","23,63","28,81"
1605,"51,81","22,13","23,5","28,69"
1606,"51,81","22,13","23,5","28,75"
1607,"51,81","22,06","23,44","28,69"
1608,"51,81","22,13","23,5","28,69"
1609,"51,75","22,06","23,44","28,69"
1610,"51,75","21,94","23,38","28,63"
1611,"51,75",22,"23,44","28,56"
1612,"51,69","21,94","23,38","28,56"
1613,"51,75","21,88","23,38","28,63"
1614,"51,69","21,88","23,38","28,56"
1615,"51,63","21,81","23,31","28,5"
1616,"51,69","21,81","22,81","28,56"
1617,"51,63","21,75","23,25","28,5"
1618,"51,63","21,75","23,19","28,56"
1619,"51,63","21,75","23,19","28,5"
1620,"51,56","21,69","23,19","28,44"
1621,"51,63","21,69","23,19","28,44"
1622,"51,56","21,63","23,19","28,38"
1623,"51,56","21,56","23,06","28,38"
1624,"51,56","21,69","23,13","28,38"
1625,"51,5","21,5","23,06","28,38"
1626,"51,5","21,56","23,13","28,31"
1627,"51,5","21,5","23,13","28,31"
1628,"51,5","21,5",23,"28,25"
1629,"51,5","21,38","22,94","28,19"
1630,"51,44","21,31","22,94","28,19"
1631,"51,44","21,25","22,88","28,13"
1632,"51,44","21,25","22,88","28,13"
1633,"51,44","21,25","22,88","28,13"
1634,"51,38","21,19","22,88","28,13"
1635,"51,31","21,13","22,88","28,06"
1636,"51,31","21,13","22,75","28,06"
1637,"51,31","21,06","22,81",28
1638,"51,31",21,"22,75","28,06"
1639,"51,25","20,88","22,69",28
1640,"51,25","20,94","22,69",28
1641,"51,19","20,88","22,56","27,94"
1642,"51,19","20,81","22,56","27,88"
1643,"51,19","20,81","22,56","27,94"
1644,"51,19","20,81","22,5","27,88"
1645,"51,19","20,75","22,5","27,88"
1646,"51,19","20,69","22,5","27,81"
1647,"51,13","20,69","22,44","27,81"
1648,"51,13","20,63","22,44","27,81"
1649,"51,06","20,56","22,44","27,75"
1650,"51,13","20,56","22,38","27,81"
1651,"51,06","20,44","22,31","27,75"
1652,"51,06","20,5","22,31","27,69"
1653,51,"20,44","22,31","27,75"
1654,51,"20,44","22,25","27,69"
1655,51,"20,31","22,19","27,69"
1656,51,"20,31","22,19","27,63"
1657,51,"20,19","22,06","27,63"
1658,"50,94","20,19","22,06","27,63"
1659,"50,94","20,13","22,06","27,63"
1660,"50,88","20,13","22,06","27,56"
1661,"50,88","20,06","22,06","27,56"
1662,"50,81",20,22,"27,5"
1663,"50,88","20,06","21,94","27,5"
1664,"50,88",20,"21,94","27,5"
1665,"50,81","20,06","21,94","27,5"
1666,"50,81",20,"21,94","27,5"
1667,"50,81",20,"21,94","27,44"
1668,"50,81","19,94","21,88","27,44"
1669,"50,75",20,"21,94","27,5"
1670,"50,75",20,"21,88","27,44"
1671,"50,69",20,"21,88","27,5"
1672,"50,75","20,06","21,94","27,44"
1673,"50,69","20,13","21,94","27,5"
1674,"50,69","20,06",22,"27,5"
1675,"50,69","20,13","22,06","27,56"
1676,"50,63","20,19","22,06","27,56"
1677,"50,63","20,38","22,13","27,56"
1678,"50,63","20,44","22,19","27,56"
1679,"50,63","20,56","22,19","27,63"
1680,"50,63","20,56","22,25","27,69"
1681,"50,56","20,63","22,31","27,63"
1682,"50,56","20,69","22,38","27,69"
1683,"50,56","20,81","22,44","27,69"
1684,"50,56","20,88","22,5","27,75"
1685,"50,56","20,94","22,5","27,81"
1686,"50,5",21,"22,56","27,81"
1687,"50,44","21,13","22,69","27,81"
1688,"50,5","21,25","22,69","27,88"
1689,"50,5","21,31","22,75","27,88"
1690,"50,44","21,44","22,75","27,88"
1691,"50,44","21,5","22,81","27,94"
1692,"50,44","21,5","22,88","27,94"
1693,"50,44","21,56","22,88",28
1694,"50,44","21,69","22,94",28
1695,"50,38","21,81",23,28
1696,"50,38","21,75","23,06","28,06"
1697,"50,31","21,94",23,"28,13"
1698,"50,38",22,"23,06","28,13"
1699,"50,31",22,"23,13","28,19"
1700,"50,38","22,06","23,19","28,19"
1701,"50,25","22,13","23,19","28,25"
1702,"50,31","22,19","23,25","28,25"
1703,"50,25","22,31","23,31","28,31"
1704,"50,25","22,31","23,25","28,31"
1705,"50,31","22,44","23,31","28,38"
1706,"50,25","22,44","23,38","28,38"
1707,"50,25","22,63","23,38","28,38"
1708,"50,25","22,63","23,44","28,44"
1709,"50,25","22,63","23,5","28,44"
1710,"50,19","22,75","23,56","28,5"
1711,"50,25","22,81","23,63","28,5"
1712,"50,19","22,88","23,63","28,5"
1713,"50,19",23,"23,69","28,5"
1714,"50,19",23,"23,63","28,5"
1715,"50,19","23,06","23,75","28,56"
1716,"50,25","23,13","23,75","28,56"
1717,"50,38","23,19","23,81","28,63"
1718,"50,44","23,25","23,75","28,63"
1719,"50,63","23,31","23,88","28,69"
1720,"50,81","23,38","23,94","28,69"
1721,51,"23,5","23,94","28,69"
1722,"51,25","23,56","23,94","28,75"
1723,"51,5","23,56","24,06","28,69"
1724,"51,75","23,63","24,06","28,81"
1725,52,"23,69","24,06","28,81"
1726,"52,31","23,75","24,19","28,81"
1727,"52,56","23,81","24,19","28,94"
1728,"52,94","23,88","24,25","28,94"
1729,"53,31","23,88","24,25","28,94"
1730,"53,63",24,"24,25","28,94"
1731,"53,94",24,"24,38",29
1732,"54,19","24,06","24,31",29
1733,"54,44","24,06","24,38",29
1734,"54,63","24,13","24,38","29,06"
1735,55,"24,13","24,44","29,06"
1736,"55,31","24,25","24,5","29,13"
1737,"55,63","24,31","24,56","29,06"
1738,"55,94","24,38","24,56","29,19"
1739,"56,25","24,5","24,56","29,13"
1740,"56,63","24,5","24,63","29,25"
1741,57,"24,63","24,75","29,19"
1742,"57,38","24,63","24,75","29,25"
1743,"57,63","24,75","24,81","29,25"
1744,"57,94","24,81","24,81","29,25"
1745,"58,19","24,88","24,88","29,31"
1746,"58,25",25,"24,94","29,44"
1747,"58,38","25,06",25,"29,44"
1748,"58,44","25,13",25,"29,44"
1749,"58,5","25,19","25,06","29,5"
1750,"58,56","25,31","25,13","29,5"
1751,"58,56","25,31","25,19","29,5"
1752,"58,63","25,38","25,25","29,5"
1753,"58,69","25,38","25,25","29,56"
1754,"58,69","25,44","25,31","29,56"
1755,"58,69","25,38","25,31","29,56"
1756,"58,69","25,5","25,38","29,56"
1757,"58,69","25,5","25,44","29,63"
1758,"58,63","25,56","25,44","29,56"
1759,"58,69","25,63","25,5","29,63"
1760,"58,69","25,69","25,5","29,63"
1761,"58,69","25,75","25,56","29,63"
1762,"58,69","25,81","25,63","29,63"
1763,"58,63","25,81","25,63","29,63"
1764,"58,63","25,81","25,63","29,63"
1765,"58,63","25,81","25,75","29,63"
1766,"58,63","25,81","25,75","29,69"
1767,"58,63","25,88","25,81","29,69"
1768,"58,63","25,94","25,81","29,63"
1769,"58,56","25,94","25,88","29,69"
1770,"58,56","25,94","25,81","29,63"
1771,"58,56","25,94","25,88","29,69"
1772,"58,56","26,06","25,94","29,69"
1773,"58,63","26,13","25,94","29,75"
1774,"58,69","26,06","25,94","29,69"
1775,"58,75","26,13","25,94","29,75"
1776,"58,75","26,13","26,06","29,81"
1777,"58,88","26,19",26,"29,81"
1778,"58,94","26,19","26,06","29,81"
1779,"58,94","26,19",26,"29,81"
1780,"58,94","26,25","26,06","29,81"
1781,59,"26,31","26,13","29,88"
1782,59,"26,31","26,13","29,94"
1783,59,"26,31","26,19","29,94"
1784,59,"26,38","26,25","29,94"
1785,"59,06","26,44","26,25","29,94"
1786,59,"26,44","26,25","29,94"
1787,59,"26,5","26,31","29,94"
1788,59,"26,5","26,38","29,94"
1789,59,"26,56","26,38","29,94"
1790,"58,94","26,63","26,44","29,94"
1791,59,"26,63","26,44",30
1792,"58,94","26,75","26,5","29,94"
1793,"58,94","26,69","26,5",30
1794,"58,94","26,75","26,5","29,94"
1795,"58,94","26,75","26,56","29,94"
1796,"58,94","26,81","26,63",30
1797,"58,94","26,81","26,63","29,94"
1798,"58,94","26,88","26,63",30
1799,"58,88","26,88","26,63",30
1800,"58,88","26,94","26,75","29,94"
1801,"58,88","26,94","26,69","29,94"
1802,"58,88","26,94","26,75","29,94"
1803,"58,88",27,"26,69","29,94"
1804,"58,88",27,"26,69",30
1805,"58,81","27,06","26,81",30
1806,"58,81",27,"26,75",30
1807,"58,81","27,06","26,81","29,94"
1808,"58,81","27,06","26,81",30
1809,"58,75","27,06","26,81",30
1810,"58,75",27,"26,81",30
1811,"58,75",27,"26,81",30
1812,"58,69","27,13","26,88",30
1813,"58,69","27,13","26,88",30
1814,"58,69","27,13","26,94","30,06"
1815,"58,69","27,06","26,88",30
1816,"58,69","27,19","26,94",30
1817,"58,63","27,19",27,"30,06"
1818,"58,56","27,19","26,94",30
1819,"58,63","27,25","27,06",30
1820,"58,63","27,25",27,"29,94"
1821,"58,63","27,38","27,06",30
1822,"58,56","27,31","27,13","29,94"
1823,"58,56","27,38","27,19","29,88"
1824,"58,5","27,5","27,13","29,94"
1825,"58,5","27,5","27,19","29,94"
1826,"58,5","27,56","27,19","29,88"
1827,"58,5","27,69","27,25","29,88"
1828,"58,44","27,75","27,38","29,81"
1829,"58,44","27,75","27,38","29,81"
1830,"58,44","27,88","27,31","29,81"
1831,"58,44","27,75","27,31","29,81"
1832,"58,44","27,63","27,25","29,81"
1833,"58,44","27,56","27,25","29,81"
1834,"58,38","27,44","27,13","29,75"
1835,"58,38","27,25","27,13","29,81"
1836,"58,31","27,13",27,"29,81"
1837,"58,38",27,27,"29,75"
1838,"58,31","26,88","26,88","29,81"
1839,"58,31","26,75","26,88","29,75"
1840,"58,25","26,56","26,75","29,69"
1841,"58,25","26,44","26,69","29,69"
1842,"58,25","26,31","26,56","29,69"
1843,"58,25","26,31","26,56","29,69"
1844,"58,25","26,13","26,38","29,75"
1845,"58,19",26,"26,38","29,69"
1846,"58,19","25,94","26,31","29,69"
1847,"58,19","25,81","26,19","29,63"
1848,"58,13","25,63","26,13","29,63"
1849,"58,13","25,5","26,06","29,63"
1850,"58,13","25,44","25,94","29,63"
1851,"57,94","25,38","25,88","29,63"
1852,"57,94","25,19","25,75","29,69"
1853,"57,88","25,13","25,69","29,56"
1854,"57,88","25,06","25,63","29,63"
1855,"57,81",25,"25,56","29,56"
1856,"57,81","24,88","25,5","29,5"
1857,"57,75","24,88","25,44","29,44"
1858,"57,75","24,69","25,38","29,44"
1859,"57,69","24,56","25,31","29,38"
1860,"57,75","24,5","25,25","29,31"
1861,"57,69","24,31","25,13","29,31"
1862,"57,69","24,38","25,13","29,25"
1863,"57,69","24,25",25,"29,25"
1864,"57,69","24,75",25,"29,25"
1865,"57,69",24,"24,94","29,19"
1866,"57,63","24,06","24,81","29,19"
1867,"57,63","23,94","24,81","29,13"
1868,"57,63","23,88","24,69","29,06"
1869,"57,56","23,75","24,63","29,06"
1870,"57,56","23,69","24,56","29,06"
1871,"57,5","23,56","24,5","28,94"
1872,"57,56","23,56","24,56",29
1873,"57,5","23,44","24,5","28,94"
1874,"57,44","23,44","24,38","28,94"
1875,"57,44","23,31","24,13","28,88"
1876,"57,44","23,63","24,75","28,88"
1877,"57,38","23,5","24,63","28,88"
1878,"57,25","23,44","24,38","28,88"
1879,"57,25","23,38","24,25","28,88"
1880,"57,19","23,25","24,13","28,88"
1881,"57,13","23,13",24,"28,88"
1882,"57,13",23,"23,94","28,81"
1883,"57,06","22,88","23,19","28,81"
1884,"57,13","22,81","23,81","28,75"
1885,"57,06","22,69","23,75","28,75"
1886,"57,06","22,69","23,75","28,69"
1887,"57,06","22,63","23,69","28,69"
1888,57,"22,63","23,63","28,63"
1889,57,"22,5","23,56","28,56"
1890,"56,94","22,5","23,56","28,56"
1891,"56,94","22,44","23,56","28,5"
1892,"56,94","22,31","23,5","28,5"
1893,"56,94","22,25","23,44","28,44"
1894,"56,94","22,19","23,38","28,44"
1895,"56,88","22,13","23,38","28,38"
1896,"56,88","22,13","23,31","28,38"
1897,"56,81",22,"22,94","28,38"
1898,"56,81","21,94","23,25","28,31"
1899,"56,81","21,94","23,25","28,31"
1900,"56,81","21,94","23,13","28,25"
1901,"56,75","21,75","23,13","28,25"
1902,"56,75","21,75","23,13","28,25"
1903,"56,69","21,75","23,06","28,19"
1904,"56,69","21,63",23,"28,25"
1905,"56,69","21,69",23,"28,19"
1906,"56,69","21,5","22,94","28,19"
1907,"56,69","21,56","22,94","28,13"
1908,"56,63","21,44","22,88","28,13"
1909,"56,63","21,44","22,81","28,06"
1910,"56,63","21,38","22,88","28,06"
1911,"56,56","21,38","22,81","28,06"
1912,"56,56","21,31","22,75","28,06"
1913,"56,56","21,25","22,75","28,06"
1914,"56,56","21,19","22,75",28
1915,"56,5","21,19","22,63",28
1916,"56,5","21,19","22,63",28
1917,"56,44","21,13","22,63","27,94"
1918,"56,38",21,"22,63","27,94"
1919,"56,44",21,"22,56","27,94"
1920,"56,44","20,94","22,56","27,88"
1921,"56,38",21,"22,5","27,88"
1922,"56,31","20,94","22,44","27,88"
1923,"56,31","20,88","22,44","27,88"
1924,"56,31","20,88","22,38","27,88"
1925,"56,31","20,88","22,44","27,81"
1926,"56,25","20,81","22,38","27,81"
1927,"56,25","20,75","22,38","27,81"
1928,"56,25","20,63","22,31","27,75"
1929,"56,19","20,63","22,38","27,75"
1930,"56,19","20,63","22,31","27,75"
1931,"56,13","20,63","22,31","27,69"
1932,"56,19","20,63","22,25","27,69"
1933,"56,19","20,5","22,19","27,63"
1934,"56,13","20,44","22,13","27,63"
1935,"56,13","20,44","22,13","27,63"
1936,"56,06","20,44","22,13","27,63"
1937,"56,06","20,38","22,13","27,63"
1938,"56,06","20,31","22,06","27,63"
1939,"56,06","20,31","22,06","27,63"
1940,56,"20,25","22,06","27,56"
1941,56,"20,19",22,"27,44"
1942,56,"20,13","21,94","27,38"
1943,"55,94","20,19","21,94","27,44"
1944,"55,94","20,06",22,"27,44"
1945,"55,94","20,06","21,94","27,38"
1946,"55,88","20,06","21,94","27,38"
1947,"55,88","20,06","21,94","27,38"
1948,"55,81",20,"21,88","27,31"
1949,"55,81","20,06","21,81","27,31"
1950,"55,81","19,94","21,81","27,31"
1951,"55,75",20,"21,81","27,25"
1952,"55,81","19,94","21,75","27,25"
1953,"55,75",20,"21,81","27,25"
1954,"55,69",20,"21,81","27,31"
1955,"55,69",20,"21,81","27,25"
1956,"55,69","20,06","21,88","27,25"
1957,"55,63","20,06","21,88","27,25"
1958,"55,63","20,06","21,88","27,25"
1959,"55,63","20,13","21,81","27,25"
1960,"55,56","20,19","21,94","27,31"
1961,"55,56","20,25","21,94","27,31"
1962,"55,56","20,38",22,"27,31"
1963,"55,56","20,44","22,06","27,38"
1964,"55,5","20,5","22,06","27,38"
1965,"55,5","20,63","22,13","27,38"
1966,"55,5","20,75","22,19","27,44"
1967,"55,44","20,81","22,19","27,44"
1968,"55,44","20,88","22,25","27,44"
1969,"55,44",21,"22,31","27,5"
1970,"55,38","21,06","22,38","27,5"
1971,"55,44","21,19","22,44","27,56"
1972,"55,38","21,31","22,5","27,56"
1973,"55,31","21,44","22,56","27,63"
1974,"55,31","21,56","22,63","27,69"
1975,"55,31","21,69","22,69","27,75"
1976,"55,31","21,75","22,69","27,81"
1977,"55,25","21,94","22,81","27,75"
1978,"55,25",22,"22,88","27,81"
1979,"55,19","22,06","22,88","27,88"
1980,"55,19","22,19","22,94","27,88"
1981,"55,19","22,31","22,94","27,94"
1982,"55,19","22,31","23,06","27,94"
1983,"55,13","22,44","23,06","27,94"
1984,"55,13","22,44","23,13","27,94"
1985,"55,13","22,5","23,19","27,94"
1986,"55,13","22,63","23,19","27,94"
1987,"55,06","22,69","23,25","28,06"
1988,"55,06","22,75","23,25",28
1989,"55,06","22,88","23,31","28,06"
1990,"55,06","22,94","23,38","28,06"
1991,"55,06",23,"23,38","28,13"
1992,"55,06","23,13","23,44","28,13"
1993,55,"23,19","23,44","28,13"
1994,"54,94","23,31","23,5","28,13"
1995,"54,94","23,44","23,63","28,19"
1996,"54,94","23,5","23,69","28,25"
1997,"54,94","23,63","23,75","28,31"
1998,"54,94","23,63","23,75","28,31"
1999,"54,88","23,75","23,81","28,31"
2000,"54,88","23,81","23,88","28,31"
2001,"54,88","23,94","23,88","28,38"
2002,"54,81","23,88",24,"28,38"
2003,"54,88","23,94",24,"28,44"
2004,"54,88","24,06",24,"28,5"
2005,"54,81","24,06","24,06","28,5"
2006,"54,75","24,25","24,19","28,56"
2007,"54,69","24,25","24,13","28,5"
2008,"54,69","24,25","24,19","28,56"
2009,"54,69","24,38","24,25","28,56"
2010,"54,69","24,44","24,25","28,63"
2011,"54,69","24,56","24,31","28,69"
2012,"54,69","24,63","24,38","28,88"
2013,"54,75","24,69","24,44","28,94"
2014,"54,88","24,69","24,5","28,94"
2015,"55,06","24,75","24,56",29
2016,"55,25","24,88","24,5","28,94"
2017,,,,